Benchmark,Time (ms)
dfs,0.5139831666666668
digraph_creation_1000_5000,5.0762798
add_100_edges,0.30916420000000006
graph_creation_100_500,0.49678069999999996
digraph_creation_100_500,0.46812810000000005
graph_creation_500_2500,2.4554486
digraph_creation_500_2500,2.3784726
add_100_nodes,0.14458970000000002
graph_creation_1000_5000,4.818029299999999
shortest_path,0.6880305166666666
bfs,0.4082674333333333
